symbol,sector,listing_date
360ONE,Financial Services,2019-09-19
3MINDIA,Diversified,2004-08-13
AADHARHFC,Financial Services,2024-05-15
AARTIIND,Chemicals,1995-02-08
AAVAS,Financial Services,2018-10-08
ABB,Capital Goods,1995-02-08
ABBOTINDIA,Healthcare,2010-01-08
ABCAPITAL,Financial Services,2017-09-01
ABDL,Fast Moving Consumer Goods,2024-07-02
ABFRL,Consumer Services,2013-07-17
ABLBL,Consumer Services,2025-06-23
ABREL,Realty,2003-06-27
ABSLAMC,Financial Services,2021-10-11
ACC,Construction Materials,1996-11-20
ACE,Capital Goods,2006-09-26
ACMESOLAR,Power,2024-11-13
ACUTAAS,Healthcare,2021-09-14
ADANIENSOL,Power,2015-07-31
ADANIENT,Metals & Mining,1997-06-04
ADANIGREEN,Power,2018-06-18
ADANIPORTS,Services,2007-11-27
ADANIPOWER,Power,2009-08-20
AEGISLOG,Oil Gas & Consumable Fuels,1996-04-03
AEGISVOPAK,Oil Gas & Consumable Fuels,2025-06-02
AFCONS,Construction,2024-11-04
AFFLE,Information Technology,2019-08-08
AIAENG,Capital Goods,2005-12-14
AIIL,Financial Services,2024-04-23
AJANTPHARM,Healthcare,2000-05-29
ALKEM,Healthcare,2015-12-23
AMBER,Consumer Durables,2018-01-30
AMBUJACEM,Construction Materials,1998-02-18
ANANDRATHI,Financial Services,2021-12-14
ANANTRAJ,Realty,2006-09-27
ANGELONE,Financial Services,2020-10-05
ANTHEM,Healthcare,2025-07-21
ANURAS,Chemicals,2021-03-24
APARINDS,Capital Goods,2004-07-12
APLAPOLLO,Capital Goods,2011-12-14
APOLLOHOSP,Healthcare,1996-01-10
APOLLOTYRE,Automobile and Auto Components,1995-05-31
APTUS,Financial Services,2021-08-24
ARE&M,Automobile and Auto Components,2003-09-05
ASAHIINDIA,Automobile and Auto Components,1998-03-18
ASHOKLEY,Capital Goods,1995-05-25
ASIANPAINT,Consumer Durables,1995-05-31
ASTERDM,Healthcare,2018-02-26
ASTRAL,Capital Goods,2007-03-20
ATGL,Oil Gas & Consumable Fuels,2018-11-05
ATHERENERG,Automobile and Auto Components,2025-05-06
ATUL,Chemicals,1998-05-06
AUBANK,Financial Services,2017-07-10
AUROPHARMA,Healthcare,2000-07-19
AWL,Fast Moving Consumer Goods,2022-02-08
AXISBANK,Financial Services,1998-11-16
BAJAJ-AUTO,Automobile and Auto Components,2008-05-26
BAJAJFINSV,Financial Services,2008-05-26
BAJAJHFL,Financial Services,2024-09-16
BAJAJHLDNG,Financial Services,1995-03-15
BAJFINANCE,Financial Services,2003-04-01
BALKRISIND,Automobile and Auto Components,2006-01-27
BALRAMCHIN,Fast Moving Consumer Goods,1995-02-08
BANDHANBNK,Financial Services,2018-03-27
BANKBARODA,Financial Services,1997-02-19
BANKINDIA,Financial Services,1997-04-30
BATAINDIA,Consumer Durables,2003-06-18
BAYERCROP,Chemicals,2010-01-08
BBTC,Fast Moving Consumer Goods,1996-04-03
BDL,Capital Goods,2018-03-23
BEL,Capital Goods,2000-07-19
BELRISE,Automobile and Auto Components,2025-05-28
BEML,Capital Goods,2003-11-05
BERGEPAINT,Consumer Durables,1999-11-24
BHARATFORG,Automobile and Auto Components,2003-04-04
BHARTIARTL,Telecommunication,2002-02-15
BHARTIHEXA,Telecommunication,2024-04-12
BHEL,Capital Goods,2003-11-11
BIKAJI,Fast Moving Consumer Goods,2022-11-16
BIOCON,Healthcare,2004-04-07
BLS,Consumer Services,2016-06-14
BLUEDART,Services,2002-12-12
BLUEJET,Healthcare,2023-11-01
BLUESTARCO,Consumer Durables,2000-06-15
BOSCHLTD,Automobile and Auto Components,2003-05-12
BPCL,Oil Gas & Consumable Fuels,1995-09-13
BRIGADE,Realty,2007-12-31
BRITANNIA,Fast Moving Consumer Goods,1998-11-05
BSE,Financial Services,2017-02-03
BSOFT,Information Technology,1999-11-24
CAMS,Financial Services,2021-05-07
CANBK,Financial Services,2002-12-23
CANFINHOME,Financial Services,1995-05-10
CANHLIFE,Financial Services,2025-10-17
CAPLIPOINT,Healthcare,2014-06-23
CARBORUNIV,Capital Goods,1996-04-03
CARTRADE,Consumer Services,2021-08-20
CASTROLIND,Oil Gas & Consumable Fuels,2014-03-14
CCL,Fast Moving Consumer Goods,2004-06-07
CDSL,Financial Services,2017-06-30
CEATLTD,Automobile and Auto Components,2008-02-01
CEMPRO,Construction,1999-02-10
CENTRALBK,Financial Services,2007-08-21
CESC,Power,1995-02-08
CGCL,Financial Services,2010-10-29
CGPOWER,Capital Goods,1995-03-01
CHALET,Consumer Services,2019-02-07
CHAMBLFERT,Chemicals,1995-06-14
CHENNPETRO,Oil Gas & Consumable Fuels,2000-06-07
CHOICEIN,Financial Services,2022-04-08
CHOLAFIN,Financial Services,1996-05-15
CHOLAHLDNG,Financial Services,2017-09-25
CIEINDIA,Automobile and Auto Components,2007-08-30
CIPLA,Healthcare,1995-02-08
CLEAN,Chemicals,2021-07-19
COALINDIA,Oil Gas & Consumable Fuels,2010-11-04
COCHINSHIP,Capital Goods,2017-08-11
COFORGE,Information Technology,2004-08-30
COHANCE,Healthcare,2020-03-09
COLPAL,Fast Moving Consumer Goods,2007-12-17
CONCOR,Services,1997-05-07
CONCORDBIO,Healthcare,2023-08-18
COROMANDEL,Chemicals,1995-05-31
CPPLUS,Capital Goods,2025-08-05
CRAFTSMAN,Automobile and Auto Components,2021-03-25
CREDITACC,Financial Services,2018-08-23
CRISIL,Financial Services,1995-06-28
CROMPTON,Consumer Durables,2016-05-13
CUB,Financial Services,1998-08-25
CUMMINSIND,Capital Goods,1995-03-29
CYIENT,Information Technology,1998-09-30
DABUR,Fast Moving Consumer Goods,1999-04-28
DALBHARAT,Construction Materials,2019-01-22
DATAPATTNS,Capital Goods,2021-12-24
DCMSHRIRAM,Diversified,1995-04-12
DEEPAKFERT,Chemicals,2003-01-17
DEEPAKNTR,Chemicals,2010-09-29
DELHIVERY,Services,2022-05-24
DEVYANI,Consumer Services,2021-08-16
DIVISLAB,Healthcare,2003-03-12
DIXON,Consumer Durables,2017-09-18
DLF,Realty,2007-07-05
DMART,Consumer Services,2017-03-21
DOMS,Fast Moving Consumer Goods,2023-12-20
DRREDDY,Healthcare,2003-05-30
ECLERX,Services,2007-12-31
EICHERMOT,Automobile and Auto Components,2004-09-07
EIDPARRY,Fast Moving Consumer Goods,1995-05-10
EIHOTEL,Consumer Services,1995-02-08
ELECON,Capital Goods,2006-09-29
ELGIEQUIP,Capital Goods,1995-11-22
EMAMILTD,Fast Moving Consumer Goods,2006-08-03
EMCURE,Healthcare,2024-07-10
EMMVEE,Capital Goods,2025-11-18
ENDURANCE,Automobile and Auto Components,2016-10-19
ENGINERSIN,Construction,1997-08-20
ENRIN,Capital Goods,2025-06-19
ERIS,Healthcare,2017-06-29
ESCORTS,Capital Goods,1995-03-01
ETERNAL,Consumer Services,2021-07-23
EXIDEIND,Automobile and Auto Components,2003-06-17
FACT,Chemicals,1995-04-12
FEDERALBNK,Financial Services,1995-02-08
FINCABLES,Capital Goods,1995-02-15
FIRSTCRY,Consumer Services,2024-08-13
FIVESTAR,Financial Services,2022-11-21
FLUOROCHEM,Chemicals,2019-10-16
FORCEMOT,Automobile and Auto Components,2024-02-14
FORTIS,Healthcare,2007-05-09
FSL,Services,2007-02-22
GABRIEL,Automobile and Auto Components,2005-04-20
GAIL,Oil Gas & Consumable Fuels,1997-04-02
GALLANTT,Capital Goods,2006-04-04
GESHIP,Services,2006-11-27
GICRE,Financial Services,2017-10-25
GILLETTE,Fast Moving Consumer Goods,2003-07-30
GLAND,Healthcare,2020-11-20
GLAXO,Healthcare,2000-12-15
GLENMARK,Healthcare,2000-02-07
GMDCLTD,Metals & Mining,1997-12-17
GMRAIRPORT,Services,2006-08-21
GODFRYPHLP,Fast Moving Consumer Goods,1996-07-24
GODIGIT,Financial Services,2024-05-23
GODREJCP,Fast Moving Consumer Goods,2001-06-20
GODREJIND,Diversified,2003-02-25
GODREJPROP,Realty,2010-01-05
GPIL,Capital Goods,2006-04-25
GRANULES,Healthcare,2005-06-20
GRAPHITE,Capital Goods,2003-02-07
GRASIM,Construction Materials,1995-05-10
GRAVITA,Metals & Mining,2010-11-16
GROWW,Financial Services,2025-11-12
GRSE,Capital Goods,2018-10-10
GVT&D,Capital Goods,2008-06-30
HAL,Capital Goods,2018-03-28
HAVELLS,Consumer Durables,2001-03-21
HBLENGINE,Capital Goods,2007-01-04
HCLTECH,Information Technology,2000-01-06
HDBFS,Financial Services,2025-07-02
HDFCAMC,Financial Services,2018-08-06
HDFCBANK,Financial Services,1995-11-08
HDFCLIFE,Financial Services,2017-11-17
HEG,Capital Goods,1995-05-10
HEROMOTOCO,Automobile and Auto Components,2003-04-11
HEXT,Information Technology,2025-02-19
HFCL,Telecommunication,2011-03-09
HINDALCO,Metals & Mining,1997-01-08
HINDCOPPER,Metals & Mining,2010-09-15
HINDPETRO,Oil Gas & Consumable Fuels,1998-06-17
HINDUNILVR,Fast Moving Consumer Goods,1995-07-06
HINDZINC,Metals & Mining,2006-11-21
HOMEFIRST,Financial Services,2021-02-03
HONASA,Fast Moving Consumer Goods,2023-11-07
HONAUT,Capital Goods,2003-07-18
HSCL,Chemicals,2007-03-02
HUDCO,Financial Services,2017-05-19
HYUNDAI,Automobile and Auto Components,2024-10-22
ICICIAMC,Financial Services,2025-12-19
ICICIBANK,Financial Services,1997-09-17
ICICIGI,Financial Services,2017-09-27
ICICIPRULI,Financial Services,2016-09-29
IDBI,Financial Services,1995-09-20
IDEA,Telecommunication,2007-03-09
IDFCFIRSTB,Financial Services,2015-11-06
IEX,Financial Services,2017-10-23
IFCI,Financial Services,1995-04-26
IGIL,Services,2024-12-20
IGL,Oil Gas & Consumable Fuels,2003-12-26
IIFL,Financial Services,2005-05-17
IKS,Information Technology,2024-12-19
INDGN,Healthcare,2024-05-13
INDHOTEL,Consumer Services,1996-07-03
INDIACEM,Construction Materials,2000-05-31
INDIAMART,Consumer Services,2019-07-04
INDIANB,Financial Services,2007-03-01
INDIGO,Services,2015-11-10
INDUSINDBK,Financial Services,1998-01-28
INDUSTOWER,Telecommunication,2012-12-28
INFY,Information Technology,1995-02-08
INOXWIND,Capital Goods,2015-04-09
INTELLECT,Information Technology,2014-12-18
IOB,Financial Services,2000-12-07
IOC,Oil Gas & Consumable Fuels,1996-07-24
IPCALAB,Healthcare,1995-02-08
IRB,Construction,2008-02-25
IRCON,Construction,2018-09-28
IRCTC,Consumer Services,2019-10-14
IREDA,Financial Services,2023-11-29
IRFC,Financial Services,2021-01-29
ITC,Fast Moving Consumer Goods,1995-08-23
ITCHOTELS,Consumer Services,2025-01-29
ITI,Telecommunication,2003-09-15
J&KBANK,Financial Services,1998-07-22
JAINREC,Metals & Mining,2025-10-01
JBMA,Automobile and Auto Components,2004-12-17
JINDALSAW,Capital Goods,2003-04-29
JINDALSTEL,Metals & Mining,1999-12-29
JIOFIN,Financial Services,2023-08-21
JKCEMENT,Construction Materials,2006-03-14
JKTYRE,Automobile and Auto Components,2007-03-19
JMFINANCIL,Financial Services,2006-10-10
JPPOWER,Power,2005-04-18
JSL,Metals & Mining,2003-11-17
JSWCEMENT,Construction Materials,2025-08-14
JSWDULUX,Consumer Durables,2001-06-28
JSWENERGY,Power,2010-01-04
JSWINFRA,Services,2023-10-03
JSWSTEEL,Metals & Mining,2005-03-23
JUBLFOOD,Consumer Services,2010-02-08
JUBLINGREA,Chemicals,2021-03-19
JUBLPHARMA,Healthcare,2003-06-16
JWL,Capital Goods,2010-10-18
JYOTICNC,Capital Goods,2024-01-16
KAJARIACER,Consumer Durables,2004-06-01
KALYANKJIL,Consumer Durables,2021-03-26
KARURVYSYA,Financial Services,2000-07-26
KAYNES,Capital Goods,2022-11-22
KEC,Construction,2006-03-10
KEI,Capital Goods,2006-03-23
KFINTECH,Financial Services,2022-12-29
KIMS,Healthcare,2021-06-28
KIRLOSENG,Capital Goods,2010-12-24
KOTAKBANK,Financial Services,1995-12-20
KPIL,Construction,2000-12-15
KPITTECH,Information Technology,2019-04-22
KPRMILL,Textiles,2007-08-28
LALPATHLAB,Healthcare,2015-12-23
LATENTVIEW,Information Technology,2021-11-23
LAURUSLABS,Healthcare,2016-12-19
LEMONTREE,Consumer Services,2018-04-09
LENSKART,Consumer Services,2025-11-10
LGEINDIA,Consumer Durables,2025-10-14
LICHSGFIN,Financial Services,1998-07-29
LICI,Financial Services,2022-05-17
LINDEINDIA,Chemicals,1999-06-16
LLOYDSME,Metals & Mining,2023-07-17
LODHA,Realty,2021-04-19
LT,Construction,2004-06-23
LTF,Financial Services,2011-08-12
LTFOODS,Fast Moving Consumer Goods,2006-12-18
LTM,Information Technology,2016-07-21
LTTS,Information Technology,2016-09-23
LUPIN,Healthcare,2001-09-10
M&M,Automobile and Auto Components,1996-01-03
M&MFIN,Financial Services,2006-03-17
MAHABANK,Financial Services,2004-04-12
MANAPPURAM,Financial Services,2014-12-01
MANKIND,Healthcare,2023-05-09
MAPMYINDIA,Information Technology,2021-12-21
MARICO,Fast Moving Consumer Goods,1996-05-01
MARUTI,Automobile and Auto Components,2003-07-09
MAXHEALTH,Healthcare,2020-08-21
MAZDOCK,Capital Goods,2020-10-12
MCX,Financial Services,2012-03-09
MEDANTA,Healthcare,2022-11-16
MEESHO,Consumer Services,2025-12-10
MFSL,Financial Services,2000-05-17
MGL,Oil Gas & Consumable Fuels,2016-07-01
MINDACORP,Automobile and Auto Components,2014-10-16
MMTC,Services,2012-04-09
MOTHERSON,Automobile and Auto Components,1996-08-14
MOTILALOFS,Financial Services,2007-09-11
MPHASIS,Information Technology,2004-06-04
MRF,Automobile and Auto Components,1996-09-18
MRPL,Oil Gas & Consumable Fuels,2005-01-07
MSUMI,Automobile and Auto Components,2022-03-28
MUTHOOTFIN,Financial Services,2011-05-06
NAM-INDIA,Financial Services,2017-11-06
NATCOPHARM,Healthcare,1995-12-27
NATIONALUM,Metals & Mining,1999-04-28
NAUKRI,Consumer Services,2006-11-21
NAVA,Power,1996-04-03
NAVINFLUOR,Chemicals,2007-06-01
NBCC,Construction,2012-04-12
NCC,Construction,2003-10-14
NESTLEIND,Fast Moving Consumer Goods,2023-08-01
NETWEB,Information Technology,2023-07-27
NEULANDLAB,Healthcare,2008-10-13
NEWGEN,Information Technology,2018-01-29
NH,Healthcare,2016-01-06
NHPC,Power,2009-09-01
NIACL,Financial Services,2017-11-13
NIVABUPA,Financial Services,2024-11-14
NLCINDIA,Power,2000-08-23
NMDC,Metals & Mining,2008-03-03
NSLNISP,Metals & Mining,2023-02-20
NTPC,Power,2004-11-05
NTPCGREEN,Power,2024-11-27
NUVAMA,Financial Services,2023-09-26
NUVOCO,Construction Materials,2021-08-23
NYKAA,Consumer Services,2021-11-10
OBEROIRLTY,Realty,2010-10-20
OFSS,Information Technology,2002-06-28
OIL,Oil Gas & Consumable Fuels,2009-09-30
OLAELEC,Automobile and Auto Components,2024-08-09
OLECTRA,Automobile and Auto Components,2002-03-20
ONESOURCE,Healthcare,2025-01-24
ONGC,Oil Gas & Consumable Fuels,1995-07-19
PAGEIND,Textiles,2007-03-16
PARADEEP,Chemicals,2022-05-27
PATANJALI,Fast Moving Consumer Goods,2020-01-24
PAYTM,Financial Services,2021-11-18
PCBL,Chemicals,1995-03-29
PERSISTENT,Information Technology,2010-04-06
PETRONET,Oil Gas & Consumable Fuels,2004-03-26
PFC,Financial Services,2007-02-23
PFIZER,Healthcare,1999-04-28
PFOCUS,Media Entertainment & Publication,2006-06-20
PGEL,Consumer Durables,2011-09-26
PHOENIXLTD,Realty,2007-04-23
PIDILITIND,Chemicals,1995-03-29
PIIND,Chemicals,2011-06-15
PINELABS,Financial Services,2025-11-14
PIRAMALFIN,Financial Services,2025-11-07
PNB,Financial Services,2002-04-24
PNBHOUSING,Financial Services,2016-11-07
POLICYBZR,Financial Services,2021-11-15
POLYCAB,Capital Goods,2019-04-16
POLYMED,Healthcare,2011-12-07
POONAWALLA,Financial Services,2004-04-27
POWERGRID,Power,2007-10-05
POWERINDIA,Capital Goods,2020-03-30
PPLPHARMA,Healthcare,2022-10-19
PREMIERENE,Capital Goods,2024-09-03
PRESTIGE,Realty,2010-10-27
PTCIL,Capital Goods,2023-06-09
PVRINOX,Media Entertainment & Publication,2006-01-04
PWL,Consumer Services,2025-11-18
RADICO,Fast Moving Consumer Goods,2003-06-18
RAILTEL,Telecommunication,2021-02-26
RAINBOW,Healthcare,2022-05-10
RAMCOCEM,Construction Materials,1997-04-09
RBLBANK,Financial Services,2016-08-31
RECLTD,Financial Services,2008-03-12
REDINGTON,Services,2007-02-15
RELIANCE,Oil Gas & Consumable Fuels,1995-11-29
RHIM,Capital Goods,2012-03-12
RITES,Construction,2018-07-02
RKFORGE,Automobile and Auto Components,2004-05-05
RPOWER,Power,2008-02-11
RRKABEL,Capital Goods,2023-09-20
RVNL,Construction,2019-04-11
SAGILITY,Information Technology,2024-11-12
SAIL,Metals & Mining,1995-07-06
SAILIFE,Healthcare,2024-12-18
SAMMAANCAP,Financial Services,2013-07-23
SAPPHIRE,Consumer Services,2021-11-18
SARDAEN,Metals & Mining,2009-12-03
SAREGAMA,Media Entertainment & Publication,1997-07-30
SBFC,Financial Services,2023-08-16
SBICARD,Financial Services,2020-03-16
SBILIFE,Financial Services,2017-10-03
SBIN,Financial Services,1995-03-01
SCHAEFFLER,Automobile and Auto Components,2000-11-29
SCHNEIDER,Capital Goods,2012-03-20
SCI,Services,1997-08-13
SHREECEM,Construction Materials,1995-04-26
SHRIRAMFIN,Financial Services,1996-12-11
SHYAMMETL,Capital Goods,2021-06-24
SIEMENS,Capital Goods,1995-09-06
SIGNATURE,Realty,2023-09-27
SJVN,Power,2010-05-20
SOBHA,Realty,2006-12-20
SOLARINDS,Chemicals,2006-04-03
SONACOMS,Automobile and Auto Components,2021-06-24
SONATSOFTW,Information Technology,1999-07-28
SPLPETRO,Chemicals,2022-05-24
SRF,Chemicals,2003-08-18
STARHEALTH,Financial Services,2021-12-10
SUMICHEM,Chemicals,2020-01-27
SUNDARMFIN,Financial Services,1998-01-07
SUNPHARMA,Healthcare,1995-02-08
SUNTV,Media Entertainment & Publication,2006-04-24
SUPREMEIND,Capital Goods,1995-07-19
SUZLON,Capital Goods,2005-10-19
SWANCORP,Chemicals,2012-05-29
SWIGGY,Consumer Services,2024-11-13
SYNGENE,Healthcare,2015-08-11
SYRMA,Capital Goods,2022-08-26
TARIL,Capital Goods,2007-12-28
TATACAP,Financial Services,2025-10-13
TATACHEM,Chemicals,1999-04-01
TATACOMM,Telecommunication,1995-04-12
TATACONSUM,Fast Moving Consumer Goods,1998-11-18
TATAELXSI,Information Technology,2003-09-17
TATAINVEST,Financial Services,1998-06-24
TATAPOWER,Power,1996-04-03
TATASTEEL,Metals & Mining,1998-11-18
TATATECH,Information Technology,2023-11-30
TBOTEK,Consumer Services,2024-05-15
TCS,Information Technology,2004-08-25
TECHM,Information Technology,2006-08-28
TECHNOE,Construction,2018-12-04
TEGA,Capital Goods,2021-12-13
TEJASNET,Telecommunication,2017-06-27
TENNIND,Automobile and Auto Components,2025-11-19
THELEELA,Consumer Services,2025-06-02
THERMAX,Capital Goods,1995-08-30
TIINDIA,Automobile and Auto Components,2017-11-02
TIMKEN,Capital Goods,2007-02-06
TITAGARH,Capital Goods,2008-04-21
TITAN,Consumer Durables,2004-09-24
TMCV,Capital Goods,2025-11-12
TMPV,Automobile and Auto Components,1998-07-22
TORNTPHARM,Healthcare,2002-11-25
TORNTPOWER,Power,2006-11-28
TRAVELFOOD,Consumer Services,2025-07-14
TRENT,Consumer Services,2004-06-07
TRIDENT,Textiles,2001-02-21
TRITURBINE,Capital Goods,2011-10-28
TTML,Telecommunication,2000-10-20
TVSMOTOR,Automobile and Auto Components,2000-08-02
UBL,Fast Moving Consumer Goods,2008-07-28
UCOBANK,Financial Services,2003-10-09
ULTRACEMCO,Construction Materials,2004-08-24
UNIONBANK,Financial Services,2002-09-24
UNITDSPR,Fast Moving Consumer Goods,2001-09-27
UNOMINDA,Automobile and Auto Components,2007-02-02
UPL,Chemicals,2004-01-23
URBANCO,Consumer Services,2025-09-17
USHAMART,Capital Goods,2000-10-11
UTIAMC,Financial Services,2020-10-12
VBL,Fast Moving Consumer Goods,2016-11-08
VEDL,Metals & Mining,1998-05-13
VIJAYA,Healthcare,2021-09-14
VMM,Consumer Services,2024-12-18
VOLTAS,Consumer Durables,1995-04-12
VTL,Textiles,2003-01-14
WAAREEENER,Capital Goods,2024-10-28
WELCORP,Capital Goods,2005-05-24
WELSPUNLIV,Textiles,2003-12-04
WHIRLPOOL,Consumer Durables,2010-04-06
WIPRO,Information Technology,1995-11-08
WOCKPHARMA,Healthcare,2000-02-23
YESBANK,Financial Services,2005-07-12
ZEEL,Media Entertainment & Publication,1998-09-09
ZENSARTECH,Information Technology,2003-07-09
ZENTEC,Capital Goods,2015-03-30
ZFCVINDIA,Automobile and Auto Components,2008-10-01
ZYDUSLIFE,Healthcare,2000-04-18
ZYDUSWELL,Fast Moving Consumer Goods,2009-11-13
